id;pfw_attempt_id;desfile_id;nite;date_obs;expnum;ccdnum;band;exptime;cloud_apass;cloud_nomad;t_eff;crossra0;radeg;decdeg;racmin;racmax;deccmin;deccmax;ra_cent;dec_cent;rac1;rac2;rac3;rac4;decc1;decc2;decc3;decc4;ra_size;dec_size;path;filename;compression;downloaded
13165197;2425620;1383557263;2018-10-09;2018-10-10 07:14:25.619171-03:00;782099;22;g;90.0;0.31200001;0.23800001;0.44124401;False;25.94085;-2.040116;25.947769;26.247839;-1.869048;-1.718882;26.097833;-1.793912;25.947866;25.947769;26.247839;26.247823;-1.718882;-1.868767;-1.869048;-1.719217;0.3000700;0.1501660;OPS/finalcut/Y6A1/20181009-r4055/D00782099/p01/red/immask;D00782099_g_c22_r4055p01_immasked.fits;.fz;False
13165136;2427302;1383436933;2018-10-09;2018-10-10 07:12:26.648196-03:00;782098;41;r;90.0;0.41600001;0.36199999;0.38485599;False;25.94085;-2.040116;25.635981;25.936118;-2.363498;-2.213454;25.785978;-2.288472;25.635981;25.636034;25.936113;25.936118;-2.213454;-2.363282;-2.363498;-2.213618;0.3001370;0.1500440;OPS/finalcut/Y6A1/20181009-r4055/D00782098/p01/red/immask;D00782098_r_c41_r4055p01_immasked.fits;.fz;False
13165075;2424611;1383658325;2018-10-09;2018-10-10 07:10:27.678628-03:00;782097;53;i;90.0;0.31200001;0.38600001;0.84971398;False;25.94085;-2.040116;25.79191;26.09195;-2.692521;-2.542878;25.941855;-2.617748;25.79191;25.791914;26.091801;26.09195;-2.542878;-2.692316;-2.692521;-2.543083;0.3000400;0.1496430;OPS/finalcut/Y6A1/20181009-r4055/D00782097/p01/red/immask;D00782097_i_c53_r4055p01_immasked.fits;.fz;False
13127075;2424396;1381584319;2018-09-21;2018-09-22 08:17:59.024212-03:00;776431;37;z;90.0;-9999.0;-0.054;0.53040802;False;25.94085;-2.040116;26.412296;26.711351;-2.198246;-2.048396;26.561926;-2.123266;26.412351;26.412296;26.711312;26.711351;-2.048396;-2.198246;-2.198081;-2.048426;0.2990550;0.1498500;OPS/finalcut/Y6A1/20180921-r4055/D00776431/p01/red/immask;D00776431_z_c37_r4055p01_immasked.fits;.fz;False
13027596;2423866;1376684404;2018-09-08;2018-09-09 06:47:56.513533-03:00;771140;7;g;90.0;-0.055;-0.03;0.94368798;False;27.339029;-1.549764;27.656432;27.955639;-0.885772;-0.736036;27.806032;-0.810827;27.656432;27.656576;27.955639;27.955451;-0.736036;-0.885267;-0.885772;-0.73645;0.2992070;0.1497360;OPS/finalcut/Y6A1/20180908-r4055/D00771140/p01/red/immask;D00771140_g_c07_r4055p01_immasked.fits;.fz;False
13027535;2423865;1376915552;2018-09-08;2018-09-09 06:45:57.851732-03:00;771139;21;r;90.0;-0.04;-0.021;1.18069601;False;27.339029;-1.549764;27.034541;27.334628;-1.377623;-1.227672;27.184528;-1.302561;27.034741;27.034541;27.334538;27.334628;-1.227672;-1.3775;-1.377623;-1.22773;0.3000870;0.1499510;OPS/finalcut/Y6A1/20180908-r4055/D00771139/p01/red/immask;D00771139_r_c21_r4055p01_immasked.fits;.fz;False
13027474;2425861;1376777677;2018-09-08;2018-09-09 06:43:58.417093-03:00;771138;36;i;90.0;0.04;0.059;1.22360694;False;27.339029;-1.549764;27.500817;27.800629;-1.70818;-1.558092;27.650778;-1.633093;27.500817;27.500836;27.800629;27.800618;-1.558206;-1.70818;-1.707953;-1.558092;0.2998120;0.1500880;OPS/finalcut/Y6A1/20180908-r4055/D00771138/p01/red/immask;D00771138_i_c36_r4055p01_immasked.fits;.fz;False
12630757;2043109;970151938;2017-12-22;2017-12-23 01:19:57.980728-03:00;706447;21;Y;90.0;-9999.0;0.086;0.59104401;False;25.168442;-3.0207;24.8652;25.165472;-2.848342;-2.698469;25.015286;-2.773329;24.865346;24.8652;25.165454;25.165472;-2.698478;-2.848289;-2.848342;-2.698469;0.3002720;0.1498730;OPS/finalcut/Y5A1/r3518/20171222/D00706447/p01/red/immask;D00706447_Y_c21_r3518p01_immasked.fits;.fz;False
1307102;87591;184817519;2015-01-14;2015-01-15 00:03:48.785624-03:00;398226;39;z;90.0;0.173;0.13;0.652198970317841;False;24.4007;-3.4434;23.474661;23.773706;-3.760269;-3.610027;23.624072;-3.685092;23.474721;23.474661;23.773706;23.773679;-3.610027;-3.759532;-3.760269;-3.610608;0.2990450;0.1502420;OPS/finalcut/Y2A1/Y2-2284/20150114/D00398226/p01/red/immask;D00398226_z_c39_r2284p01_immasked.fits;.fz;False
1639922;75675;165326560;2014-12-05;2014-12-06 01:35:28.719049-03:00;384049;6;Y;45.0;0.063;0.115;1.21245300769806;False;25.248462;-3.984476;25.253912;25.553841;-3.312539;-3.162945;25.403872;-3.237647;25.254028;25.253912;25.553841;25.553727;-3.162945;-3.312125;-3.312539;-3.163349;0.2999290;0.1495940;OPS/finalcut/Y2A1/Y2-2277/20141205/D00384049/p01/red/immask;D00384049_Y_c06_r2277p01_immasked.fits;.fz;False
2898722;134278;240139000;2013-12-14;2013-12-15 02:12:21.437419-03:00;264536;33;Y;45.0;0.091;0.136;0.620332002639771;False;25.444854;-3.257492;24.671071;24.970467;-3.412764;-3.262562;24.820607;-3.337597;24.671189;24.671071;24.970382;24.970467;-3.262562;-3.412201;-3.412764;-3.262928;0.2993960;0.1502020;OPS/finalcut/Y2A1/Y1-2297/20131214/D00264536/p01/red/immask;D00264536_Y_c33_r2297p01_immasked.fits;.fz;True
3340412;208450;337664302;2013-10-25;2013-10-26 02:28:30.216329-03:00;246881;53;g;90.0;0.024;-0.045;0.286473006010056;False;25.444854;-3.257492;25.299241;25.599594;-3.902988;-3.753404;25.449347;-3.828249;25.299252;25.299241;25.599448;25.599594;-3.753404;-3.902834;-3.902988;-3.753561;0.3003530;0.1495840;OPS/finalcut/Y2A1/Y1-2363/20131025/D00246881/p01/red/immask;D00246881_g_c53_r2363p01_immasked.fits;.fz;True
3443746;205915;334680426;2013-10-03;2013-10-04 04:47:40.063578-03:00;241125;51;g;90.0;0.037;-0.011;0.691483974456787;False;26.065017;-3.680132;25.29738;25.597034;-4.324906;-4.174566;25.447122;-4.249726;25.297447;25.29738;25.597034;25.597008;-4.174566;-4.323973;-4.324906;-4.175513;0.2996540;0.1503400;OPS/finalcut/Y2A1/Y1-2362/20131003/D00241125/p01/red/immask;D00241125_g_c51_r2362p01_immasked.fits;.fz;True
3457105;202130;333262033;2013-10-02;2013-10-03 07:10:48.468823-03:00;240777;5;g;90.0;0.029;0.025;0.613663017749786;False;25.248462;-3.984476;24.945876;25.245848;-3.317693;-3.168381;25.095853;-3.242943;24.946098;24.945876;25.245848;25.245845;-3.168466;-3.317693;-3.317601;-3.168381;0.2999720;0.1493120;OPS/finalcut/Y2A1/Y1-2362/20131002/D00240777/p01/red/immask;D00240777_g_c05_r2362p01_immasked.fits;.fz;True
3574985;199470;315270881;2013-09-16;2013-09-17 04:50:55.552320-03:00;235327;10;Y;45.0;-0.065;-0.033;0.259131014347076;False;25.9888;-2.429;25.841754;26.14168;-1.921094;-1.771523;25.991719;-1.8462;25.841935;25.841754;26.14168;26.141653;-1.771523;-1.92098;-1.921094;-1.771642;0.2999260;0.1495710;OPS/finalcut/Y2A1/Y1-2357/20130916/D00235327/p01/red/immask;D00235327_Y_c10_r2357p01_immasked.fits;.fz;True
3580353;202362;322840638;2013-09-15;2013-09-16 07:49:30.254603-03:00;234928;50;Y;45.0;-0.023;-0.011;0.38918799161911;False;26.065017;-3.680132;26.69713;26.996456;-4.162409;-4.012345;26.846838;-4.087327;26.697305;26.69713;26.996408;26.996456;-4.012877;-4.162409;-4.161794;-4.012345;0.2993260;0.1500640;OPS/finalcut/Y2A1/Y1-2357/20130915/D00234928/p02/red/immask;D00234928_Y_c50_r2357p02_immasked.fits;.fz;True
3622870;197161;321146644;2013-09-11;2013-09-12 09:26:50.505585-03:00;233221;59;g;90.0;0.042;-0.021;0.346244990825653;False;26.065017;-3.680132;26.382047;26.68205;-4.497288;-4.347443;26.532063;-4.422389;26.382147;26.382047;26.681969;26.68205;-4.348057;-4.497288;-4.496764;-4.347443;0.3000030;0.1498450;OPS/finalcut/Y2A1/Y1-2357/20130911/D00233221/p02/red/immask;D00233221_g_c59_r2357p02_immasked.fits;.fz;True
3674110;199576;314935064;2013-09-08;2013-09-09 08:40:24.669718-03:00;232016;59;g;90.0;0.284;0.207;0.219411998987198;False;25.444854;-3.257492;25.762844;26.062687;-4.066467;-3.916657;25.912779;-3.991585;25.762968;25.762844;26.062576;26.062687;-3.917244;-4.066467;-4.06597;-3.916657;0.2998430;0.1498100;OPS/finalcut/Y2A1/Y1-2356/20130908/D00232016/p02/red/immask;D00232016_g_c59_r2356p02_immasked.fits;.fz;True
5277825;1499226;713685055;2016-11-28;2016-11-29 02:02:55.785952-03:00;597555;22;g;90.0;0.106;0.025;0.50154501;False;25.344404;-3.037608;25.348842;25.649085;-2.863905;-2.713793;25.498989;-2.788799;25.348939;25.348842;25.649085;25.649056;-2.713793;-2.863661;-2.863905;-2.714092;0.3002430;0.1501120;OPS/finalcut/Y4A1/20161128-r3009/D00597555/p01/red/immask;D00597555_g_c22_r3009p01_immasked.fits;.fz;False
5054925;1489379;702188598;2016-11-06;2016-11-07 02:32:05.708135-03:00;590598;10;z;90.0;-9999.0;0.058;0.62538397;False;25.552679;-3.967568;25.402773;25.703021;-3.464291;-3.314673;25.552909;-3.38938;25.402987;25.402773;25.703021;25.703002;-3.314673;-3.464096;-3.464291;-3.314867;0.3002480;0.1496180;OPS/finalcut/Y4A1/20161106-r3005/D00590598/p01/red/immask;D00590598_z_c10_r3005p01_immasked.fits;.fz;False
203102;373509;388237499;2015-12-31;2016-01-01 00:57:42.641404-03:00;507394;55;z;90.0;0.188;0.169;1.09553503990173;False;25.168446;-3.0207;25.640193;25.939676;-3.668555;-3.518622;25.789985;-3.593579;25.640411;25.640193;25.939515;25.939676;-3.519192;-3.668555;-3.667974;-3.518622;0.2994830;0.1499330;OPS/finalcut/Y2A1/Y3-2379/20151231/D00507394/p01/red/immask;D00507394_z_c55_r2379p01_immasked.fits;.fz;False
226322;370120;387143106;2015-12-27;2015-12-28 02:30:45.871558-03:00;506425;42;z;90.0;0.201;0.19;0.468816995620728;False;25.168446;-3.0207;25.178945;25.479363;-3.339774;-3.189908;25.32915;-3.264853;25.178949;25.178945;25.479312;25.479363;-3.189908;-3.339774;-3.339745;-3.189934;0.3004180;0.1498660;OPS/finalcut/Y2A1/Y3-2379/20151227/D00506425/p01/red/immask;D00506425_z_c42_r2379p01_immasked.fits;.fz;False
226382;372432;387140896;2015-12-27;2015-12-28 02:28:47.140060-03:00;506424;21;z;90.0;0.194;0.187;0.472523003816605;False;25.168446;-3.0207;24.866447;25.166792;-2.844814;-2.694843;25.016568;-2.76975;24.866604;24.866447;25.166761;25.166792;-2.694843;-2.844666;-2.844814;-2.694937;0.3003450;0.1499710;OPS/finalcut/Y2A1/Y3-2379/20151227/D00506424/p01/red/immask;D00506424_z_c21_r2379p01_immasked.fits;.fz;False
226442;372430;387159541;2015-12-27;2015-12-28 02:26:47.537617-03:00;506423;38;i;90.0;0.169;0.263;0.300446003675461;False;25.168446;-3.0207;25.956825;26.255627;-3.175163;-3.025495;26.106166;-3.100257;25.956846;25.956825;26.255627;26.25557;-3.025521;-3.175163;-3.174978;-3.025495;0.2988020;0.1496680;OPS/finalcut/Y2A1/Y3-2379/20151227/D00506423/p01/red/immask;D00506423_i_c38_r2379p01_immasked.fits;.fz;False
256982;370021;385665218;2015-12-17;2015-12-18 02:06:33.720092-03:00;503041;53;i;90.0;0.097;0.169;0.429794996976852;False;24.464688;-3.155964;24.314174;24.614513;-3.804061;-3.654486;24.464279;-3.729324;24.314174;24.314188;24.614393;24.614513;-3.654486;-3.803901;-3.804061;-3.654645;0.3003390;0.1495750;OPS/finalcut/Y2A1/Y3-2378/20151217/D00503041/p01/red/immask;D00503041_i_c53_r2378p01_immasked.fits;.fz;False
258842;372350;384747580;2015-12-17;2015-12-18 00:57:01.369486-03:00;503010;23;z;90.0;0.059;0.057;0.631558001041412;False;24.464688;-3.155964;24.780547;25.08021;-2.980251;-2.830185;24.930435;-2.905197;24.780547;24.780595;25.08021;25.080055;-2.830185;-2.979998;-2.980251;-2.830588;0.2996630;0.1500660;OPS/finalcut/Y2A1/Y3-2378/20151217/D00503010/p01/red/immask;D00503010_z_c23_r2378p01_immasked.fits;.fz;False
557822;271136;383072772;2015-11-06;2015-11-07 02:02:44.682664-03:00;490665;11;r;90.0;0.1;0.022;0.816878020763397;False;24.448671;-2.665632;24.607996;24.907634;-2.159688;-2.009839;24.757804;-2.084679;24.607996;24.608021;24.907634;24.907429;-2.009839;-2.15927;-2.159688;-2.010302;0.2996380;0.1498490;OPS/finalcut/Y2A1/Y3-2375/20151106/D00490665/p02/red/immask;D00490665_r_c11_r2375p02_immasked.fits;.fz;False
611762;262878;370011564;2015-10-31;2015-11-01 03:53:23.311371-03:00;488824;58;i;90.0;0.125;0.247;0.723514974117279;False;24.448671;-2.665632;24.453821;24.75377;-3.476729;-3.32725;24.60377;-3.402037;24.453821;24.453858;24.753662;24.75377;-3.327537;-3.476729;-3.476451;-3.32725;0.2999490;0.1494790;OPS/finalcut/Y2A1/Y3-2374/20151031/D00488824/p01/red/immask;D00488824_i_c58_r2374p01_immasked.fits;.fz;False
611822;261187;371397926;2015-10-31;2015-11-01 03:51:24.856448-03:00;488823;24;z;90.0;0.108;0.116;0.973406970500946;False;24.448671;-2.665632;25.076014;25.374808;-2.490066;-2.340178;25.225459;-2.415128;25.076014;25.076161;25.374808;25.374658;-2.340178;-2.489841;-2.490066;-2.340566;0.2987940;0.1498880;OPS/finalcut/Y2A1/Y3-2374/20151031/D00488823/p01/red/immask;D00488823_z_c24_r2374p01_immasked.fits;.fz;False
639122;270936;381165008;2015-10-22;2015-10-23 04:45:28.803616-03:00;486775;3;z;90.0;0.12;0.086;0.365969002246857;False;26.065017;-3.680132;26.22844;26.527946;-2.846832;-2.69733;26.378151;-2.772008;26.22844;26.22848;26.527946;26.527791;-2.69733;-2.846396;-2.846832;-2.69763;0.2995060;0.1495020;OPS/finalcut/Y2A1/Y3-2374/20151022/D00486775/p02/red/immask;D00486775_z_c03_r2374p02_immasked.fits;.fz;False
825482;210891;348914483;2015-09-26;2015-09-27 07:48:56.720213-03:00;478983;45;Y;45.0;0.086;0.132;0.419283002614975;False;26.052733;-2.141564;25.124974;25.423868;-2.62317;-2.473117;25.274304;-2.548089;25.124974;25.125041;25.423868;25.423675;-2.473117;-2.622561;-2.62317;-2.473646;0.2988940;0.1500530;OPS/finalcut/Y2A1/Y3-2373/20150926/D00478983/p01/red/immask;D00478983_Y_c45_r2373p01_immasked.fits;.fz;False
960482;259335;361945382;2015-09-02;2015-09-03 07:20:24.664064-03:00;470566;7;Y;45.0;0.139;0.148;0.737527012825012;False;26.065017;-3.680132;26.382368;26.681929;-3.0136;-2.863885;26.532143;-2.938675;26.382368;26.38252;26.681929;26.681685;-2.863885;-3.013082;-3.0136;-2.864344;0.2995610;0.1497150;OPS/finalcut/Y2A1/Y3-2371/20150902/D00470566/p01/red/immask;D00470566_Y_c07_r2371p01_immasked.fits;.fz;False
1306802;87595;184634885;2015-01-14;2015-01-15 00:14:43.463239-03:00;398231;49;z;90.0;0.127;0.11;0.531731009483337;False;25.444854;-3.257492;25.762858;26.062795;-3.74125;-3.591362;25.912886;-3.6663;25.763028;25.762858;26.06258;26.062795;-3.59163;-3.74125;-3.740865;-3.591362;0.2999370;0.1498880;OPS/finalcut/Y2A1/Y2-2284/20150114/D00398231/p01/red/immask;D00398231_z_c49_r2284p01_immasked.fits;.fz;False
1541342;77467;170234708;2014-12-15;2014-12-16 01:44:59.422833-03:00;388143;42;i;90.0;-9999.0;0.203;0.753232002258301;False;24.4007;-3.4434;24.407512;24.708045;-3.760767;-3.610902;24.557777;-3.685852;24.407558;24.407512;24.707959;24.708045;-3.610902;-3.760767;-3.760745;-3.610935;0.3005330;0.1498650;OPS/finalcut/Y2A1/Y2-2278/20141215/D00388143/p01/red/immask;D00388143_i_c42_r2278p01_immasked.fits;.fz;False
1677542;75040;163809528;2014-11-27;2014-11-28 03:02:29.897184-03:00;382258;46;r;90.0;0.375;0.285;0.46731299161911;False;25.248462;-3.984476;24.63056;24.930706;-4.4668;-4.31667;24.7805;-4.39173;24.63056;24.6307;24.930706;24.930595;-4.31667;-4.466189;-4.4668;-4.317166;0.3001460;0.1501300;OPS/finalcut/Y2A1/Y2-2277/20141127/D00382258/p01/red/immask;D00382258_r_c46_r2277p01_immasked.fits;.fz;False
1901882;69926;151049661;2014-11-02;2014-11-03 04:56:37.393212-03:00;374550;28;z;90.0;0.113;0.102;0.438798993825912;False;25.248462;-3.984476;25.098323;25.399078;-3.972364;-3.822295;25.248674;-3.897294;25.098388;25.098323;25.399078;25.399059;-3.822295;-3.97226;-3.972364;-3.822395;0.3007550;0.1500690;OPS/finalcut/Y2A1/Y2-2262/20141102/D00374550/p01/red/immask;D00374550_z_c28_r2262p01_immasked.fits;.fz;False
1902242;69917;151022144;2014-11-02;2014-11-03 04:47:06.873758-03:00;374544;27;Y;45.0;0.091;0.133;0.825828015804291;False;24.4007;-3.4434;23.939331;24.239672;-3.430921;-3.280766;24.08939;-3.355779;23.939528;23.939331;24.239547;24.239672;-3.280766;-3.430613;-3.430921;-3.280964;0.3003410;0.1501550;OPS/finalcut/Y2A1/Y2-2262/20141102/D00374544/p01/red/immask;D00374544_Y_c27_r2262p01_immasked.fits;.fz;False
1959722;69486;149673059;2014-10-27;2014-10-28 05:25:25.594927-03:00;372179;56;r;90.0;0.322;0.229;0.223798006772995;False;25.248462;-3.984476;24.6291;24.929163;-4.794512;-4.644481;24.779042;-4.719523;24.6291;24.629134;24.929163;24.929109;-4.644481;-4.79375;-4.794512;-4.645321;0.3000630;0.1500310;OPS/finalcut/Y2A1/Y2-2182/20141027/D00372179/p02/red/immask;D00372179_r_c56_r2182p02_immasked.fits;.fz;False
1994102;67911;146069439;2014-10-22;2014-10-23 05:41:27.931127-03:00;370685;14;r;90.0;0.135;0.062;0.446956992149353;False;25.9888;-2.429;25.375422;25.675057;-2.091824;-1.942135;25.525128;-2.016931;25.37577;25.375422;25.674824;25.675057;-1.942284;-2.091824;-2.091785;-1.942135;0.2996350;0.1496890;OPS/finalcut/Y2A1/Y2-2182/20141022/D00370685/p01/red/immask;D00370685_r_c14_r2182p01_immasked.fits;.fz;False
1996022;67879;146018171;2014-10-22;2014-10-23 04:36:45.319789-03:00;370653;1;r;90.0;0.41;0.299;0.383437007665634;False;24.4007;-3.4434;23.943666;24.243261;-2.615764;-2.46651;24.093431;-2.541107;23.943948;23.943666;24.243082;24.243261;-2.46651;-2.615764;-2.615679;-2.466573;0.2995950;0.1492540;OPS/finalcut/Y2A1/Y2-2182/20141022/D00370653/p01/red/immask;D00370653_r_c01_r2182p01_immasked.fits;.fz;False
2146862;64825;138240244;2014-10-01;2014-10-02 08:04:17.002273-03:00;364727;42;i;90.0;0.191;0.266;0.502595007419586;False;25.444854;-3.257492;25.45182;25.752314;-3.576995;-3.427113;25.602064;-3.502058;25.451846;25.45182;25.752242;25.752314;-3.427113;-3.576995;-3.576945;-3.42712;0.3004940;0.1498820;OPS/finalcut/Y2A1/Y2-2166/20141001/D00364727/p01/red/immask;D00364727_i_c42_r2166p01_immasked.fits;.fz;False
2146922;64824;138255484;2014-10-01;2014-10-02 08:02:19.906762-03:00;364726;45;g;90.0;0.198;0.112;0.464213997125626;False;25.9888;-2.429;25.063102;25.36215;-2.912316;-2.762273;25.21252;-2.837243;25.063102;25.063146;25.36215;25.361959;-2.762273;-2.911758;-2.912316;-2.762783;0.2990480;0.1500430;OPS/finalcut/Y2A1/Y2-2166/20141001/D00364726/p01/red/immask;D00364726_g_c45_r2166p01_immasked.fits;.fz;False
2146982;64823;138251002;2014-10-01;2014-10-02 08:00:22.097995-03:00;364725;8;r;90.0;0.216;0.114;0.534285008907318;False;25.444854;-3.257492;24.675701;24.975098;-2.753378;-2.603683;24.825304;-2.67849;24.676;24.675701;24.974817;24.975098;-2.603982;-2.753378;-2.753079;-2.603683;0.2993970;0.1496950;OPS/finalcut/Y2A1/Y2-2166/20141001/D00364725/p01/red/immask;D00364725_r_c08_r2166p01_immasked.fits;.fz;False
2416562;59209;126084925;2014-08-17;2014-08-18 08:27:03.679249-03:00;349392;37;i;90.0;0.035;0.168;0.71739798784256;False;25.248462;-3.984476;25.724447;26.024034;-4.1334;-3.983496;25.874348;-4.058386;25.724497;25.724447;26.024025;26.024034;-3.983547;-4.1334;-4.133157;-3.983496;0.2995870;0.1499040;OPS/finalcut/Y2A1/Y2-2149/20140817/D00349392/p01/red/immask;D00349392_i_c37_r2149p01_immasked.fits;.fz;False
12329212;2033191;954670998;2017-11-18;2017-11-19 02:37:31.598062-03:00;697639;48;g;90.0;0.118;0.036;0.54601198;False;25.168442;-3.0207;25.177004;25.4773;-3.507893;-3.358023;25.327144;-3.432982;25.177004;25.177024;25.477229;25.4773;-3.358211;-3.507893;-3.507666;-3.358023;0.3002960;0.1498700;OPS/finalcut/Y5A1/r3517/20171118/D00697639/p01/red/immask;D00697639_g_c48_r3517p01_immasked.fits;.fz;False
12329151;2033190;954814009;2017-11-18;2017-11-19 02:35:32.698798-03:00;697638;13;r;90.0;0.113;0.032;0.58099401;False;25.168442;-3.0207;24.244274;24.543398;-2.685315;-2.535766;24.393747;-2.610537;24.24458;24.244274;24.543041;24.543398;-2.535862;-2.685315;-2.685287;-2.535766;0.2991240;0.1495490;OPS/finalcut/Y5A1/r3517/20171118/D00697638/p01/red/immask;D00697638_r_c13_r3517p01_immasked.fits;.fz;False
12283911;2032039;952340833;2017-11-14;2017-11-15 03:07:07.370547-03:00;696363;53;g;90.0;0.121;0.04;0.69570702;False;25.748971;-2.564264;25.603471;25.903601;-3.215304;-3.065742;25.753471;-3.140572;25.603471;25.603489;25.903478;25.903601;-3.065742;-3.215167;-3.215304;-3.06588;0.3001300;0.1495620;OPS/finalcut/Y5A1/r3517/20171114/D00696363/p01/red/immask;D00696363_g_c53_r3517p01_immasked.fits;.fz;False
12171231;2029378;946916289;2017-10-28;2017-10-29 05:02:49.286562-03:00;692050;55;i;90.0;0.098;0.20900001;0.92172402;False;25.748971;-2.564264;26.225705;26.525091;-3.213999;-3.064075;26.375446;-3.139024;26.225922;26.225705;26.524928;26.525091;-3.064616;-3.213999;-3.213446;-3.064075;0.2993860;0.1499240;OPS/finalcut/Y5A1/r3517/20171028/D00692050/p01/red/immask;D00692050_i_c55_r3517p01_immasked.fits;.fz;False
12171170;2029377;946872719;2017-10-28;2017-10-29 05:00:49.013131-03:00;692049;54;r;90.0;0.088;0.019;0.56812;False;25.748971;-2.564264;25.913969;26.213957;-3.213407;-3.063726;26.063967;-3.13859;25.9141;25.913969;26.213721;26.213957;-3.063972;-3.213407;-3.213111;-3.063726;0.2999880;0.1496810;OPS/finalcut/Y5A1/r3517/20171028/D00692049/p01/red/immask;D00692049_r_c54_r3517p01_immasked.fits;.fz;False
11933866;2023698;932908013;2017-10-02;2017-10-03 04:37:16.323509-03:00;683902;11;z;90.0;-9999.0;0.003;0.34763601;False;25.748971;-2.564264;25.910517;26.210125;-2.06492;-1.914988;26.060314;-1.989875;25.910524;25.910517;26.210125;26.209953;-1.914988;-2.06443;-2.06492;-1.915527;0.2996080;0.1499320;OPS/finalcut/Y5A1/r3516/20171002/D00683902/p01/red/immask;D00683902_z_c11_r3516p01_immasked.fits;.fz;False
5388465;1599508;736066356;2016-12-06;2016-12-07 00:44:11.148508-03:00;600470;56;Y;90.0;-9999.0;0.29499999;0.79884601;False;25.344404;-3.037608;24.729165;25.028788;-3.853091;-3.703083;24.878888;-3.778105;24.729165;24.729215;25.028788;25.028739;-3.703083;-3.852332;-3.853091;-3.703911;0.2996230;0.1500080;OPS/finalcut/Y4A1/20161206-r3070/D00600470/p01/red/immask;D00600470_Y_c56_r3070p01_immasked.fits;.fz;False
5388405;1599507;736068642;2016-12-06;2016-12-07 00:42:12.347878-03:00;600469;29;z;90.0;-9999.0;0.30899999;0.527785;False;25.344404;-3.037608;25.508312;25.808379;-3.031988;-2.881992;25.658396;-2.95698;25.508339;25.508312;25.808379;25.808337;-2.881992;-3.031941;-3.031988;-2.882152;0.3000670;0.1499960;OPS/finalcut/Y4A1/20161206-r3070/D00600469/p01/red/immask;D00600469_z_c29_r3070p01_immasked.fits;.fz;False
5266965;1497310;713274916;2016-11-27;2016-11-28 02:55:22.559332-03:00;597221;15;i;90.0;0.097;0.17;0.83104402;False;25.344404;-3.037608;25.038817;25.339003;-2.697641;-2.547922;25.188875;-2.622685;25.03905;25.038817;25.338946;25.339003;-2.547922;-2.697566;-2.697641;-2.547951;0.3001860;0.1497190;OPS/finalcut/Y4A1/20161127-r3009/D00597221/p01/red/immask;D00597221_i_c15_r3009p01_immasked.fits;.fz;False
5240085;1503555;716350298;2016-11-25;2016-11-26 02:29:13.697974-03:00;596512;56;r;90.0;0.089;0.005;0.58216;False;25.344404;-3.037608;24.725934;25.025603;-3.851488;-3.701501;24.875682;-3.776512;24.725934;24.725986;25.025603;25.025537;-3.701501;-3.850784;-3.851488;-3.70229;0.2996690;0.1499870;OPS/finalcut/Y4A1/20161125-r3005/D00596512/p01/red/immask;D00596512_r_c56_r3005p01_immasked.fits;.fz;False
5223525;1522751;719500129;2016-11-24;2016-11-25 01:01:43.982662-03:00;596105;47;g;90.0;0.083;0.01;0.620121;False;25.525333;-1.938668;25.217079;25.517086;-2.42628;-2.276204;25.366976;-2.351259;25.217094;25.217079;25.516968;25.517086;-2.276204;-2.425836;-2.42628;-2.276603;0.3000070;0.1500760;OPS/finalcut/Y4A1/20161124-r3017/D00596105/p01/red/immask;D00596105_g_c47_r3017p01_immasked.fits;.fz;False
5223465;1497211;711789650;2016-11-24;2016-11-25 00:59:45.661900-03:00;596104;54;i;90.0;0.073;0.185;0.88933402;False;25.525333;-1.938668;25.683929;25.983823;-2.590536;-2.441019;25.83388;-2.5158;25.684155;25.683929;25.983482;25.983823;-2.441113;-2.590536;-2.590391;-2.441019;0.2998940;0.1495170;OPS/finalcut/Y4A1/20161124-r3005/D00596104/p01/red/immask;D00596104_i_c54_r3005p01_immasked.fits;.fz;False
5223405;1499060;711836223;2016-11-24;2016-11-25 00:57:46.434658-03:00;596103;56;r;90.0;0.052;0.004;0.87519699;False;25.525333;-1.938668;24.907376;25.206711;-2.754213;-2.604239;25.056961;-2.679239;24.907376;24.907429;25.206711;25.206658;-2.604239;-2.753522;-2.754213;-2.605014;0.2993350;0.1499740;OPS/finalcut/Y4A1/20161124-r3005/D00596103/p01/red/immask;D00596103_r_c56_r3005p01_immasked.fits;.fz;False
5223345;1500770;711801462;2016-11-24;2016-11-25 00:55:47.305118-03:00;596102;53;r;90.0;0.094;0.027;0.88228202;False;25.552679;-3.967568;25.400302;25.700946;-4.61926;-4.469651;25.550554;-4.544509;25.40033;25.400302;25.700794;25.700946;-4.469651;-4.619076;-4.61926;-4.469835;0.3006440;0.1496090;OPS/finalcut/Y4A1/20161124-r3005/D00596102/p01/red/immask;D00596102_r_c53_r3005p01_immasked.fits;.fz;False
5212365;1499005;711722005;2016-11-23;2016-11-24 03:12:37.252640-03:00;595788;9;g;90.0;0.30500001;0.212;0.084109;False;25.525333;-1.938668;25.062153;25.361899;-1.439106;-1.28968;25.211963;-1.364307;25.062548;25.062153;25.361667;25.361899;-1.28972;-1.439099;-1.439106;-1.28968;0.2997460;0.1494260;OPS/finalcut/Y4A1/20161123-r3005/D00595788/p01/red/immask;D00595788_g_c09_r3005p01_immasked.fits;.fz;False
5171385;1496859;708211289;2016-11-18;2016-11-19 01:45:45.035873-03:00;594240;6;r;90.0;0.87;0.77499998;0.17101;False;25.552679;-3.967568;25.554894;25.854818;-3.300353;-3.150761;25.704852;-3.225463;25.555015;25.554894;25.854818;25.854711;-3.150761;-3.299953;-3.300353;-3.151149;0.2999240;0.1495920;OPS/finalcut/Y4A1/20161118-r3005/D00594240/p01/red/immask;D00594240_r_c06_r3005p01_immasked.fits;.fz;False
5096625;1497527;704015073;2016-11-09;2016-11-10 02:06:36.590521-03:00;591793;21;Y;45.0;-9999.0;0.042;1.02450001;False;25.525333;-1.938668;25.215602;25.515691;-1.765225;-1.615304;25.365592;-1.69018;25.215786;25.215602;25.51562;25.515691;-1.615304;-1.76512;-1.765225;-1.615349;0.3000890;0.1499210;OPS/finalcut/Y4A1/20161109-r3005/D00591793/p01/red/immask;D00591793_Y_c21_r3005p01_immasked.fits;.fz;False
5096565;1528481;718740183;2016-11-09;2016-11-10 02:04:37.635978-03:00;591792;56;z;90.0;-9999.0;0.031;0.68422103;False;25.525333;-1.938668;24.904069;25.203371;-2.752271;-2.602261;25.053635;-2.677281;24.904069;24.904122;25.203371;25.203331;-2.602261;-2.751518;-2.752271;-2.603087;0.2993020;0.1500100;OPS/finalcut/Y4A1/20161109-r3017/D00591792/p01/red/immask;D00591792_z_c56_r3017p01_immasked.fits;.fz;False
5054985;1495540;702180515;2016-11-06;2016-11-07 02:34:04.500891-03:00;590599;36;Y;45.0;-9999.0;0.086;0.868873;False;25.552679;-3.967568;25.713317;26.013761;-4.123925;-3.973796;25.863586;-4.048824;25.713317;25.713359;26.013761;26.013695;-3.97397;-4.123925;-4.123638;-3.973796;0.3004440;0.1501290;OPS/finalcut/Y4A1/20161106-r3005/D00590599/p01/red/immask;D00590599_Y_c36_r3005p01_immasked.fits;.fz;False
5054865;1494291;702167503;2016-11-06;2016-11-07 02:30:06.385728-03:00;590597;11;i;90.0;0.072;0.167;0.61148602;False;25.552679;-3.967568;25.713793;26.013739;-3.465505;-3.315574;25.863756;-3.390465;25.713805;25.713793;26.013739;26.013551;-3.315574;-3.465004;-3.465505;-3.316123;0.2999460;0.1499310;OPS/finalcut/Y4A1/20161106-r3005/D00590597/p01/red/immask;D00590597_i_c11_r3005p01_immasked.fits;.fz;False
4354725;1480710;681521542;2016-08-28;2016-08-29 08:20:27.231193-03:00;568777;32;g;90.0;0.051;-0.024;0.65837699;False;26.052733;-2.141564;24.96943;25.268327;-2.296616;-2.146451;25.118912;-2.221463;24.96969;24.96943;25.268144;25.268327;-2.146451;-2.295972;-2.296616;-2.146959;0.2988970;0.1501650;OPS/finalcut/Y4A1/20160828-r2995/D00568777/p01/red/immask;D00568777_g_c32_r2995p01_immasked.fits;.fz;False
4343625;1481592;681293941;2016-08-25;2016-08-26 08:24:03.132082-03:00;567918;28;r;90.0;0.019;-0.037;0.48845699;False;26.052733;-2.141564;25.900798;26.201059;-2.134452;-1.984394;26.050908;-2.05938;25.900871;25.900798;26.201045;26.201059;-1.984394;-2.13437;-2.134452;-1.984474;0.3002610;0.1500580;OPS/finalcut/Y4A1/20160825-r2995/D00567918/p01/red/immask;D00567918_r_c28_r2995p01_immasked.fits;.fz;False
112262;375890;394697053;2016-01-17;2016-01-18 00:26:19.852225-03:00;512549;51;z;90.0;0.123;0.121;0.358249008655548;False;25.168446;-3.0207;24.395316;24.694697;-3.665565;-3.51527;24.544889;-3.590407;24.395316;24.395348;24.694697;24.694606;-3.51527;-3.66464;-3.665565;-3.516189;0.2993810;0.1502950;OPS/finalcut/Y2A1/Y3-2379/20160117/D00512549/p01/red/immask;D00512549_z_c51_r2379p01_immasked.fits;.fz;False
112322;377301;394738901;2016-01-17;2016-01-18 00:24:20.792929-03:00;512548;54;z;90.0;0.115;0.11;0.309309005737305;False;25.168446;-3.0207;25.32904;25.62918;-3.666407;-3.516808;25.479119;-3.591635;25.329195;25.32904;25.628919;25.62918;-3.516988;-3.666407;-3.666169;-3.516808;0.3001400;0.1495990;OPS/finalcut/Y2A1/Y3-2379/20160117/D00512548/p01/red/immask;D00512548_z_c54_r2379p01_immasked.fits;.fz;False
112382;374908;394694835;2016-01-17;2016-01-18 00:22:22.800432-03:00;512547;55;i;90.0;0.113;0.184;0.187641993165016;False;25.168446;-3.0207;25.640178;25.939687;-3.665753;-3.515838;25.789981;-3.590784;25.640388;25.640178;25.939533;25.939687;-3.51638;-3.665753;-3.665197;-3.515838;0.2995090;0.1499150;OPS/finalcut/Y2A1/Y3-2379/20160117/D00512547/p01/red/immask;D00512547_i_c55_r2379p01_immasked.fits;.fz;False
203042;370208;388238432;2015-12-31;2016-01-01 00:59:41.454094-03:00;507395;23;z;90.0;0.195;0.19;1.09059202671051;False;25.168446;-3.0207;25.485216;25.784877;-2.845561;-2.695498;25.635104;-2.770508;25.485216;25.485274;25.784877;25.784717;-2.695498;-2.845309;-2.845561;-2.6959;0.2996610;0.1500630;OPS/finalcut/Y2A1/Y3-2379/20151231/D00507395/p01/red/immask;D00507395_z_c23_r2379p01_immasked.fits;.fz;False
203162;370207;388235381;2015-12-31;2016-01-01 00:55:44.072307-03:00;507393;48;i;90.0;0.246;0.342;0.744500994682312;False;25.168446;-3.0207;25.173297;25.473605;-3.504999;-3.355163;25.32344;-3.430104;25.173297;25.17331;25.473526;25.473605;-3.355316;-3.504999;-3.504792;-3.355163;0.3003080;0.1498360;OPS/finalcut/Y2A1/Y3-2379/20151231/D00507393/p01/red/immask;D00507393_i_c48_r2379p01_immasked.fits;.fz;False
